{
  "bucket_edges": [
    0,
    0.1,
    0.5,
    1.0,
    5.0,
    10.0
  ],
  "bucket_upper": [
    0.1,
    0.5,
    1.0,
    5.0,
    10.0,
    Infinity
  ],
  "counts": [
    9994,
    3,
    2,
    1,
    0,
    0
  ],
  "total": 10000,
  "p50": 0.005542,
  "p95": 0.006333
}