{
  "bucket_edges": [
    0,
    0.1,
    0.5,
    1.0,
    5.0,
    10.0
  ],
  "bucket_upper": [
    0.1,
    0.5,
    1.0,
    5.0,
    10.0,
    Infinity
  ],
  "counts": [
    9958,
    37,
    4,
    0,
    0,
    0,
    1
  ],
  "total": 10000,
  "p95_computed": 0.049292,
  "p99_computed": 0.080041,
  "max": 18.415166
}